,BNI 100 Torri d'Asti
,BNI 2 BE
BNI - 3 LAGHI,BNI 3 laghi
,BNI 4.0
BNI - 5 GIORNATE,BNI 5 Giornate
,BNI 7 Comuni
,BNI 7Colli
BNI - A PRANZO CON GUSTO,BNI A pranzo con gusto
BNI - ACAJA,BNI Acaja
BNI - ACCADEMIA,BNI Accademia
BNI - ADIGE,BNI Adige
BNI - ADRIATICO,BNI Adriatico
BNI - AD SEXTUM,BNI AdSextum
BNI - AIRONE,BNI Airone
BNI - ALABASTRO,
BNI - ALBATROSS,BNI Albatross
BNI - ALBENGA,
BNI - ALBERTO PIO,BNI Alberto Pio
BNI - ALERAMO,BNI Aleramo
BNI -ALFA,
BNI - ALFEA,BNI Alfea
BNI - ALFIERI,BNI Alfieri
BNI - ALFREDO BINDA,BNI Alfredo Binda
BNI - ALTA BRIANZA,BNI Alta Brianza
BNI - ALTA GAMMA,BNI Alta Gamma
BNI - ALTER EGO,
BNI - AMARONE VALPOLICELLA,
BNI - ANDALÃ’,BNI Andalò
BNI - ANDROMEDA,
BNI - ANGIOINO,BNI Angioino
BNI - ANTONIO ALLEGRI,BNI Antonio Allegri
BNI - APUANIA MASSA-CARRARA,BNI Apuania Massa-Carrara
,BNI Apulia
,BNI Arechi II
BNI - ARENA,BNI Arena
BNI - AREZZO,BNI Arezzo
,BNI ARGENTARIO
BNI - ARGENTUM,BNI Argentum
BNI - ARIETE,BNI Ariete
BNI - ARLECCHINO DI ALMÈ,BNI Arlecchino
BNI - ARNO,BNI Arno
,BNI Arsenale
BNI - ASSISI IL CANTICO,BNI Assisi Il Cantico
BNI - ASTORIA,BNI Astoria
BNI - ASTRA,BNI Astra
BNI - ATHENA,BNI ATHENA
BNI - AUGUSTA,BNI Augusta
BNI - AURELIA PISA,BNI Aurelia Pisa
BNI - AURELIUS,BNI Aurelius
BNI - AURORA,BNI Aurora
BNI - AUTODROMO,BNI Autodromo
BNI - AVENTINO,BNI Aventino
BNI - Baby Boom,BNI Baby Boom
BNI - BACCANALE,BNI Baccanale
BNI - BARBARIGO,BNI Barbarigo
BNI - BARBAROSSA,BNI Barbarossa
BNI - BARBAROSSA,
BNI - BARBERA,BNI Barbera
,BNI Barion
BNI - BARDOLINO,
BNI - BARTOLOMEO COLLEONI,BNI Bartolomeo Colleoni
BNI - BASSA BRESCIANA,BNI Bassa Bresciana
BNI - BASSO GARDA,BNI Basso Garda
BNI - BELLAGUARDIA,BNI Bellaguardia
BNI - BELLUNO DOLOMITI,BNI Belluno Dolomiti
BNI - BELVEDERE,BNI Belvedere
BNI - BERSAGLIERI,BNI Bersaglieri
BNI - B-EST,BNI B-Est
BNI - BETA,BNI Beta
BNI - BETTER LIVING,BNI Better Living
BNI - BICERIN,BNI Bicerin
BNI - BIELLA,BNI Biella
BNI - BISALTA,BNI Bisalta
BNI - BISANZIO,BNI Bisanzio
BNI - BLOCKCHAIN,BNI Blockchain
BNI - BLUE DIAMOND,BNI Blue Diamond
BNI - BLUES,BNI Blues
BNI - BNI BRAMANTE,BNI Bramante
BNI - BNI BRERA BUSINESS,BNI Brera Business
BNI - BOCCONI,BNI Bocconi
,BNI Bora 181
BNI - BORGHESE,BNI Borghese
BNI - BORGO LIBERO,BNI Borgo Libero
BNI - BORROMEO,BNI Borromeo
BNI - Botero,BNI Botero
BNI - BREVA E TIVANO,BNI Breva e Tivano
,BNI Breda
BNI - BRIANZA,BNI Brianza
BNI - BROLETTO,BNI Broletto
BNI - BROOKLYN,BNI Brooklyn
BNI - BUDRIUM,
BNI - BUENOS AIRES,BNI Buenos Aires
BNI - BUGATTI MODENA,BNI Bugatti
BNI - BUONARROTI,Buonarroti
BNI - BUSINESS BITES,
BNI - BUSINESS MATCH,BNI Business Match
,BNI Butrium
BNI - CAGLIARI 2,
BNI - CAIO GIULIO CESARE,
BNI - CAMILLO BENSO,BNI CAMILLO BENSO
BNI - CAMPI BISENZIO,BNI Campi Bisenzio
BNI - CANGRANDE,Cangrande
BNI - CANTÃ™ GALLIANO,BNI Cantù Galliano
BNI - CAPITALE,BNI Capitale
BNI - CAPITALE,
BNI - CARDO GOBBO,BNI Cardo Gobbo
BNI - CARDUCCI,BNI Carducci
,BNI Carmagnola
,BNI Carnevale
BNI - CARROCCIO,BNI Carroccio
,BNI Cassero
BNI - CASSIOPEA,BNI Cassiopea
BNI - CASTAGNA,BNI Castagna
BNI - CASTEL S.ANGELO,BNI Castel S.Angelo
BNI - CASTELFIDARDO,BNI Castelfidardo
BNI - CASTELFIORENTINO,BNI Castelfiorentino
,BNI Castelli Romani
,BNI Castelli Romani
BNI - CASTELLO,BNI Castello
BNI - CASTELLO DI BRESCIA,BNI Castello
BNI - CASTIGLION FIORENTINO,BNI Castello Doria
,BNI Castiglion Fiorentino
BNI - CASTIGLIONE,BNI Castiglione
BNI - CAVALIERI,Bni Cavalieri
BNI - CENTOTORRI,BNI Centotorri
BNI - CENTRALE,BNI Centrale
,BNI Cernusco sul Naviglio
BNI - CERTOSA,BNI Certosa
BNI - CHALLENGE,BNI Challenge
BNI - CHEESE,BNI Cheese
BNI - CICLONE,BNI Il Ciclone
BNI - CICOGNA BIANCA,BNI Cicogna Bianca
BNI - CIMA,BNI Cima
,BNI Cinecittà
BNI - CINQUE CAMPANE,BNI Cinque Campane
BNI - CIT TURIN,BNI Cit Turin
BNI - CITTÃ€ STUDI,BNI Città Studi
BNI - CITTADELLA,BNI Cittadella
BNI - CITY LIFE,BNI CityLife
BNI - COL DI DANTE,BNI Col di Dante
,BNI Cola di Rienzo
BNI - COLLECTION,BNI Collection
,BNI Colli Albani
BNI - COLLI MORENICI,BNI Colli Morenici
BNI - COMMUNION,BNI Communion
BNI - COMO UNO,BNI Como Uno
,BNI Convivio
BNI - CONEGLIANO 2,
BNI - COPERNICO,BNI Copernico
BNI - CORNIOLO,BNI Corniolo
BNI - CORTE HERBERIA,BNI Corte Herberia
BNI - COSTA DEGLI ETRUSCHI,BNI Costa degli Etruschi
BNI - CREMONA AMICI MIEI,BNI Cremona Amici Miei
BNI - CUOIO,BNI CUOIO
BNI - DA VINCI,BNI Da Vinci
BNI - DALLAS,BNI Dallas
BNI - DALMINE,
BNI - DE AMICIS,BNI De Amicis
BNI - DE MEDICI,
,BNI Delicius
BNI - DERTHONA,BNI Derthona
BNI - DESENZANO DEL GARDA,BNI Desenzano del Garda
BNI - DI MALTA,BNI di Malta
BNI - DIAMANTE,BNI DIAMANTE
BNI - DOGANE APERTE,
BNI - DONNAFUGATA,BNI Donnafugata
BNI - DUCALE,BNI Ducale
BNI - DUCATI,BNI Ducati
BNI - DUE LAGHI,
BNI - DUE MONDI SPOLETO,BNI Due Mondi Spoleto
BNI - DUEVILLE,BNI Dueville
BNI - DUOMO,BNI Duomo
BNI - EAGLE,BNI Eagle
BNI - EMPOLI,BNI Empoli
BNI - ENEA,BNI Enea
BNI - ENTERPRISE,BNI Enterprise
BNI - EPOREDIA,BNI Eporedia
BNI - ERA,BNI Era
BNI - ERBA1,BNI Erba1
BNI - ERBALUCE,BNI Erbaluce
BNI - ERCOLE,BNI Ercole
BNI - ERIDANO,BNI Eridano
BNI - ESTENSE,BNI Estense
BNI - EUGANEO,
BNI - F.I.G.O.,BNI F.I.G.O.
BNI - FA-RHO BUSINESS,BNI Fa-Rho Business
BNI - FASCIA D'ORO,BNI Fascia d'Oro
BNI - FELSINEA,BNI Felsinea
BNI - FENICE,BNI Fenice
BNI - FIBONACCI,BNI Fibonacci
BNI - FIRENZE,BNI Firenze
BNI - FLAIANO,BNI Flaiano
BNI - FLORIDA,BNI Florida
,BNI Florida
BNI - FOLIGNO,
BNI - FORUM,BNI Forum
BNI - FRA DOLCINO,
BNI - FRANCESCO NULLO,BNI Francesco Nullo
BNI - FRANCIACORTA,BNI Franciacorta
BNI - FRANCIGENA,
BNI - FRECCIA ROSSA,BNI Freccia rossa
BNI - FRERA,BNI Frera
BNI - FRIGNANO,
BNI - FUARCE,BNI Fuarce
BNI - FUSION,BNI Fusion
BNI - FUTURA,BNI Futura
BNI - GALA,BNI Gala
BNI - GALILEO,BNI Galileo
BNI - GALLINARA,BNI Gallinara
BNI - GALLO ROSSO,BNI Gallo Rosso
BNI - GAUDENZIA,BNI Gaudenzia
BNI - GAZOMETRO,BNI Gazometro
BNI - GENOVINO,BNI Genovino
BNI - GHEPPIO,BNI Gheppio
BNI - GHIRONDA,BNI Ghironda
BNI - GIANICOLO,BNI Gianicolo
BNI - GIANO,BNI Giano
BNI - GIARDINO,BNI Giardino
BNI - GIORGIO FALETTI,BNI Giorgio Faletti
,BNI Giorgione
BNI - GIULIANO IMPERATORE,BNI Giuliano Imperatore
,BNI Giulio Cesare
BNI - GIULIO NATTA,BNI Giulio Natta
BNI - GOLD,BNI Gold
BNI - GOLDEN,BNI Golden
BNI - GONZAGA,BNI Gonzaga
BNI - GORGONZOLA,BNI Gorgonzola
BNI - GRAFENSTAINER,BNI Grafensteiner
BNI - GRANDUCATO,BNI Granducato
,BNI Guzzi
BNI - GUTTURNIO,Gutturnio
BNI - HAPPY HOUR,BNI Happy Hour
BNI - HELLANA,BNI Hellana
,BNI Hendrix
,BNI Hole in one
BNI - HOLLYWOOD,BNI Hollywood
BNI - HYBLA,BNI Hybla
BNI - I CANDELIERI,I Candelieri
BNI - I COLLEGATI,BNI I Collegati
BNI - I DO MORI,BNI I Do Mori
,BNI I Magnifici
BNI - I MILITI,BNI I Militi
BNI - I NORMANNI,BNI I Normanni
BNI - I TALENTI,BNI I Talenti
BNI - I VALORI,BNI I Valori
BNI - IGLESIAS,
BNI - IL FERRANTE,BNI Il Ferrante
,BNI Il Forte
BNI - IL LEONE DI SAN MARCO,BNI Il Leone di San Marco
,BNI Il Maestrale
,BNI Il Magnifico
BNI - Il Mitreo,BNI Il Mitreo
,BNI Il Ponte della Maddalena
BNI - IL PONTE DI GALLIATE,BNI Il Ponte di Galliate
BNI - IL ROSA,BNI Il Rosa
BNI - IMPERO,BNI Impero
BNI - IN CHIANTI,BNI In Chianti
BNI - INFERNOT,
BNI - INSUBRIA,BNI Insubria
BNI - INTERAMNIA,BNI Interamnia
BNI - INVICTUS,Bni Invictus
BNI - ISEO,BNI Iseo
BNI - ISOLA,BNI Isola
BNI - ISOLA SACRA,BNI Isola Sacra
BNI - JOBS,BNI Jobs
BNI - JOLLY,BNI Jolly
BNI - JONAGOLD,BNI Jonagold
BNI - KARALIS,BNI Karalis
BNI - LA BOLLENTE,BNI La Bollente
BNI - LA CARICA DEI 102,BNI La carica dei 102
BNI - LA FORTEZZA,BNI La Fortezza
BNI - LA GRANDA,BNI La Granda
BNI - LA HORA FELIZ,BNI La hora feliz
BNI - LA LOGGIA,BNI La Loggia
BNI - LA MOLE,BNI La Mole
BNI - LA MUCCA VIOLA,BNI La mucca viola
BNI - LA NUOVA PERLA,
BNI - LA PERLA,BNI La Perla
BNI - LA PERLA VERDE,
BNI - LA PIEVE,
BNI - LA PILOTTA,BNI La Pilotta
BNI - LA REGGIA,BNI La Reggia
,BNI La Reggia di Colorno
BNI - LA REGINA,
BNI - LA ROCCA,BNI La Rocca
BNI - LA ROCCA,
BNI - LA RONDINE,BNI La Rondine
,BNI La Sorgente
BNI - LA TAVOLA ROTONDA,BNI La Tavola Rotonda
,BNI La Torretta
BNI - LA VERSILIA,BNI La Versilia
BNI - LADISPOLI,BNI Ladispoli
BNI - LAGO D'ORTA,
BNI - LAMBORGHINI,BNI Lamborghini
BNI - LAMBRO,BNI Lambro
BNI - LAMPO,
BNI - LANGA E MONFERRATO,BNI Langa e Monferrato
BNI - L'ARESINO,BNI L'Aresino
BNI - L'ARSENALE,
BNI - LAS VEGAS,BNI Las Vegas
BNI - LE COLLINE,BNI Le Colline
BNI - LE CONTRADE,BNI Le Contrade
,BNI Le Fornaci
BNI - LEGNONE,BNI Legnone
BNI - LEMENE,BNI Lemene
BNI - LEONARDO,BNI Leonardo
BNI - LEONESSA,BNI Leonessa
BNI - LEONIDA,BNI Leonida
BNI - LET'S,Let's
BNI - LEVANTE,BNI Levante
BNI - LIDI DEI DOGI,BNI Lidi dei Dogi
,BNI Liternum
BNI - LIVENZA,BNI Livenza
BNI - LIVINGSTON,BNI Livingston
BNI - L'ORA GIUSTA,BNI L'ora giusta
BNI - LORENZO LOTTO,BNI Lorenzo Lotto
BNI - LUCCA,BNI Lucca
BNI - LUGANA,BNI Lugana
BNI - LUMIERE,BNI Lumiere
BNI - luminosa Cafasso,LUMINOSA
BNI - LUNI,
BNI - MADDALENA,BNI Maddalena
BNI - MADONNINA,BNI Madonnina
BNI - MAESTRALE,
BNI - MAESTRALE,
BNI - MAGGIOLINI,BNI Maggiolini
BNI - MAGNIFICO,
BNI - MAIOLICHE,BNI Maioliche
BNI - MALATESTA,BNI Malatesta
BNI - MANHATTAN,BNI Manhattan
BNI - MANZÃ™,BNI Manzù
BNI - MANZONI,BNI Manzoni
,BNI Marca
BNI - MARCO POLO,BNI Marco Polo
BNI - MARENGO,BNI Marengo
BNI - MARIA LUIGIA,BNI Maria Luigia
BNI - MARIANO COMENSE,BNI Mariano Comense
BNI - MARIOLA,BNI Mariola
BNI - MARTESANA,
BNI - MATCH POINT,BNI MatchPoint
BNI - MATILDE DI CANOSSA,BNI Matilde di Canossa
BNI - MAZZINI,BNI Mazzini
,BNI Mediterraneo
BNI - MEDOACUS,BNI Medoacus
BNI - MERATE,BNI Merate
BNI - MERAVIGLIA,BNI Meraviglia
BNI - METROPOLITAN,BNI Metropolitan
BNI - MILANO,Bni Milano
BNI - MILANO BUSINESS LUNCH,BNI Milano Business Lunch
BNI - MILLE,BNI Mille
BNI - MILLEMIGLIA,BNI Mille Miglia
BNI - MINOTAURO,BNI Minotauro
,BNI Mirabile
,BNI Mister
BNI - MONNALISA,BNI Monna Lisa
BNI - MONTE BIANCO,BNI Monte Bianco
BNI - MONTEGRAPPA,BNI Montegrappa
BNI - MONTESACRO,BNI Montesacro
BNI - MONTEVERDE,BNI Monteverde
BNI - MONTORFANO,BNI Montorfano
BNI - MONVISO,BNI Monviso
BNI - MONZA CENTRO,BNI Monza Centro
BNI - MORÃˆ,BNI Morè
BNI - MORGENDUFT,BNI Morgenduft
BNI - MORONI,BNI Moroni di Albino
BNI - MOZART,BNI Mozart
BNI - MUNCALÃˆ,BNI Muncalé
BNI - MUSINÃ‰,BNI Musinè
BNI - NAONIS,BNI Naonis
BNI - NAPOLEONE,
BNI - NAVICELLI,
BNI - NEAPOLIS,BNI Neapolis
BNI - NEBBIOLO,BNI Nebbiolo
BNI - NETTUNO,BNI Nettuno
BNI - NEWCO 1 FRA,
BNI - NEWCO 1 SABA,
BNI - NEWTON,BNI Newton
BNI - NOMENTUM,BNI Nomentum
BNI - NOTTOLINI,BNI Nottolini
,BNI Nuovo Mondo
BNI - OCEANO BLU,BNI Oceano Blu
BNI - ODERZO,
BNI - OLIMPICO,BNI Olimpico
BNI - OLMI,BNI Olmi
BNI - OLTREPO,BNI Oltrepo
BNI - OPERA 4.0,BNI Opera
BNI - ORA DI PRANZO,BNI ORA DI PRANZO
BNI - OREFICI,BNI Orefici
,BNI OreTredici
BNI - OSTIA,BNI Ostia
BNI - OTTAVIANO AUGUSTO,
BNI - OXILIA,BNI Oxilia
BNI - PADOVA LUNCH,
BNI - PALESTRO,BNI Palestro
BNI - PALIO,BNI Palio
BNI - PALIO D'ASTI,BNI Palio d'Asti
BNI - PALLADIO,BNI Palladio
BNI - PANTERA,BNI Pantera
BNI - PARETO,BNI Pareto
BNI - PARIOLI,BNI Parioli
BNI - PASUBIO,BNI Pasubio
BNI - PEGASO,BNI Pegaso
BNI - PERCOCCA,BNI Percocca
BNI - PERGOLESI,BNI Pergolesi
BNI - PERSEO,
BNI - PETER PAN,
BNI - PETITOT,BNI Petitot
BNI - PIAZZA BOLOGNA,BNI Piazza Bologna
BNI - PIAZZA DEL GRANO,BNI Piazza del Grano
BNI - PICO DELLA MIRANDOLA,BNI Pico Della Mirandola
BNI - PIER MARIA ROSSI,
BNI - PIERO GIGLI,BNI Piero Gigli
BNI - PINEROLO,BNI Pinerolo
BNI - PINOVA,BNI Pinova
,BNI PINTADERA
BNI - PLEIADI,BNI Pleiadi
,BNI Politeama
BNI - POLCEVERA,
BNI - POLO POSITIVO,BNI Polo Positivo
BNI - PONTE DELLA MADDALENA,
BNI - PONTE MILVIO,BNI Ponte Milvio
BNI - PONTE VECCHIO,BNI Ponte Vecchio
BNI - PORTA DELLE LANGHE,BNI Porta delle Langhe
,BNI Porta Venezia
BNI - PORTO DI ROMA,BNI Porto di Roma
BNI - PORTOVENERE,
BNI - POWER,BNI Power
BNI - PRATI,BNI Prati
BNI - PRATO,BNI Prato
BNI - PRATO DELLA VALLE,BNI Prato Della Valle
BNI - PRIAMAR,BNI Priamar
BNI - PRIMAVERA,BNI Primavera
BNI - PRO FUTURA,BNI Pro Futura
BNI - PROGETTO 1,
BNI - PROGETTO 2,
,BNI progetto Macerata
BNI - PROMETEUS PERUGIA,BNI Prometeus Perugia
BNI - PROSECCO,BNI Prosecco
BNI - PROSPETTIVA,BNI Prospettiva
BNI - PUCCINI,BNI Puccini
BNI - QUARENGHI DI CURNO,BNI Quarenghi
BNI - QUARTU,
BNI - QUAZAR 2.0,BNI Quasar 2.0
BNI - QUINTESSENZA,BNI Quintessenza
BNI - R-EVOLUTION,BNI R - Evolution
BNI - RAFFAELE RICCO,BNI Raffaele Ricco
,BNI Real Capodimonte
BNI - RED,BNI Red
BNI - REGAL,BNI Regal
,BNI Regina Morciano
BNI - RELACTIONSHIP,BNI Relactionship
BNI - RENETTA,BNI Renetta
BNI - RENO,BNI Reno
BNI - RESEGONE,BNI Resegone
BNI - RIGOLETTO,BNI Rigoletto
BNI - RISORGIMENTO,BNI Risorgimento
BNI - RIVAROLO,
BNI - RIVIERA DEL BRENTA,BNI Riviera del Brenta
BNI - ROMA BUSINESS LUNCH,BNI Roma Business Lunch
BNI - ROMA CENTRO,BNI Roma Centro
BNI - ROMAEUR,BNI Romaeur
BNI - ROME INTERNATIONAL,BNI Rome International
BNI - ROSSINI,BNI Rossini
BNI - ROSSO DI SERA,BNI Rosso di sera
BNI - ROVERELLA,BNI Roverella
BNI - SACRO MONTE,BNI Sacro Monte
BNI - SAGITTA,BNI Sagitta
BNI - SALÒ,BNI Salo'
,BNI Saint Remy
BNI - SALARIO TRIESTE,BNI Salario Trieste
BNI - SALIERI,BNI Salieri
BNI - SALLUSTIO BANDINI - SIENA,BNI Sallustio Bandini - Siena
BNI - SAN BARTOLOMEO,BNI San Bartolomeo
,BNI San Carlo
BNI - SAN GIORGIO,BNI San Giorgio
BNI - SAN GIOVANNI,BNI San Giovanni
BNI - SAN MARTINO MAGENTA,BNI San Martino Magenta
BNI - SAN PETRONIO,BNI San Petronio
BNI - SAN VITO AL TAGLIMENTO,
BNI - SANREMO,BNI Sanremo
BNI - SANREMO 2,
BNI - SANSEPOLCRO,BNI Sansepolcro
BNI - SANTA CATERINA,BNI Santa Caterina
BNI - SANTA GIULIA,BNI Santa Giulia
BNI - SANTA LUCIA,SantaLucia
BNI - SASSARI THÃ€MUS,BNI Sassari Thàmus
BNI - SAVOIA,BNI Savoia
BNI - SAVONA 2,
BNI - SAXOLUM,BNI Saxolum
BNI - SCALIGERO,BNI Scaligero
,BNI Scandicci
BNI - SCROVEGNI,BNI Scrovegni
BNI - SEBINO,
BNI - SEGRATE,BNI Segrate
BNI - SEMPIONE,BNI Sempione
BNI - SERENISSIMA,BNI Serenissima
BNI - SETTEBAGNI,
BNI - SEXTUM,BNI Sextum
BNI - SFERA,BNI Sfera
BNI - SFORZA,BNI Sforza
BNI - SFORZESCO,BNI Sforzesco
BNI - SIGNORIA,BNI Signoria
,BNI Sirentum
BNI - SIRIO,BNI Sirio
BNI - SKY TOWER,BNI Sky Tower
BNI - SOAVE,
BNI - SONDRIO,BNI Sondrio
BNI - SPALLANZANI,BNI Spallanzani
BNI - SPRITZ,BNI Spritz
BNI - STARK,BNI Stark
BNI - SUPERNOVA,BNI Supernova
BNI - TAAAC,BNI Taaac
BNI - TAGIURA,BNI Tagiura
,BNI Tagliamento
BNI - TARTUFO,BNI Tartufo
BNI - TEODOLINDA,BNI Teodolinda
BNI - TERMINI,BNI Termini
BNI - TERRA DEI SANTI,BNI Terra dei Santi
BNI - TEVERE,
BNI - THÀMUS,
BNI - THIENE,BNI Thiene
BNI - TICINO,BNI Ticino
BNI - TICINUM,BNI Ticinum
BNI - TITANO,BNI Titano
,BNI Topaz
BNI - TORINO,BNI Torino
BNI - TORINO 2,
BNI - TORINO 3,
,BNI Totem
BNI - TRASTEVERE,BNI Trastevere
,BNI Trezzo d'Adda
BNI - TRICOLORE,BNI Tricolore
,BNI Tusculum
BNI - VA PENSIERO,BNI VA PENSIERO
,BNI Val d'Enza
BNI - VAL SANGONE,BNI Val Sangone
BNI - VALBORMIDA,BNI ValBormida
BNI - VALCERESIO,BNI Valceresio
BNI - VALCHIAVENNA,BNI Valchiavenna
BNI - VALDARNO,BNI Valdarno
BNI - VALDELSA,BNI Valdelsa
BNI - VALDICHIANA,BNI Valdichiana - Siena
BNI - VALMARECCHIA,BNI Valmarecchia
BNI - VALORE,BNI Valore
,BNI Valpolicella
BNI - VALPANTENA,
BNI - VALSASSINA,BNI Valsassina
BNI - VATICANO,BNI Vaticano
BNI - VELTELLINA,BNI Valtellina
BNI - VENI VIDI VICI,BNI Veni Vidi Vici
,BNI Vi.Ve.
BNI - VICTORIA,BNI Victoria
BNI - VICTORIA DORICA,BNI Victoria Dorica
BNI - VILLA CICOGNA,BNI Villa Cicogna
BNI - VILLA LITTA,BNI Villa Litta
,BNI Villa Salaria Sport Village
BNI - VILLORESI,BNI Villoresi
BNI - VIRGILIANO,BNI Virgiliano
,BNI Virtus
BNI - VISCONTEO,
BNI - VISCONTI,BNI Visconti
BNI - VISOL,BNI Visol
BNI - VITTORIA,BNI Vittoria
BNI - VITTORIA ALATA,BNI Vittoria Alata
BNI - VITTORIA BOLOGNA,BNI Vittoria Bologna
BNI - VITTORIO VENETO,
BNI - VOLTA,BNI Volta
BNI - VULCANO,BNI Vulcano
BNI - WALL STREET,BNI Wall Street
BNI - WIFI,
BNI - YOUNG UNDER 33,BNI Young Under 33
BNI - ZELANTE,BNI Zelante
,BNI Zingone
,Pizzica Salentina
,Salerno III
,"Sole, Mare e Vento"
,TEATE
,Un Mondo Migliore